{
  "_fv": 73,
  "_type": "command",
  "definition": {
    "commandName": "petting",
    "type": "STANDARD",
    "permissionLevel": "No requirement",
    "argsxml": "<xml xmlns=\"https://developers.google.com/blockly/xml\"><block type=\"args_start\" deletable=\"false\" x=\"40\" y=\"40\"><next><block type=\"literal\"><field name=\"name\">nametag</field><statement name=\"args\"><block type=\"call_procedure\"><field name=\"procedure\">NameVisibleToggle</field></block></statement><next><block type=\"literal\"><field name=\"name\">deathmessage</field><statement name=\"args\"><block type=\"call_procedure\"><field name=\"procedure\">DeathMessageToggle</field></block></statement><next><block type=\"literal\"><field name=\"name\">attackdistance</field><statement name=\"args\"><block type=\"number_min_max\"><field name=\"name\">name</field><field name=\"min\">1</field><field name=\"max\">999</field><statement name=\"args\"><block type=\"call_procedure\"><field name=\"procedure\">WaitADRightclick</field></block></statement></block></statement><next><block type=\"literal\"><field name=\"name\">followdistance</field><statement name=\"args\"><block type=\"number_min_max\"><field name=\"name\">name</field><field name=\"min\">1</field><field name=\"max\">999</field><statement name=\"args\"><block type=\"call_procedure\"><field name=\"procedure\">WaitFDRightclick</field></block></statement></block></statement><next><block type=\"literal\"><field name=\"name\">teleportdistance</field><statement name=\"args\"><block type=\"number_min_max\"><field name=\"name\">name</field><field name=\"min\">1</field><field name=\"max\">999</field><statement name=\"args\"><block type=\"call_procedure\"><field name=\"procedure\">WaitTDRightclick</field></block></statement></block></statement><next><block type=\"literal\"><field name=\"name\">follow</field><statement name=\"args\"><block type=\"logic\"><field name=\"name\">name</field><statement name=\"args\"><block type=\"call_procedure\"><field name=\"procedure\">WaitFollowRightclick</field></block></statement></block></statement></block></next></block></next></block></next></block></next></block></next></block></next></block></xml>"
  }
}